<?xml version='1.0' encoding='UTF-8'?>
<l:dependencies xmlns:l='licenses' groupId='org.jenkins-ci.plugins' artifactId='ssh-slaves' version='2.916.vd17b_43357ce4'><l:dependency name='SSH Build Agents plugin' groupId='org.jenkins-ci.plugins' artifactId='ssh-slaves' version='2.916.vd17b_43357ce4' url='https://github.com/jenkinsci/ssh-slaves-plugin'><l:description>Allows to launch agents over SSH, using a Java implementation of the SSH protocol</l:description><l:license name='MIT License' url='https://opensource.org/licenses/MIT'/></l:dependency><l:dependency name='EdDSA-Java' groupId='net.i2p.crypto' artifactId='eddsa' version='0.3.0' url='https://github.com/str4d/ed25519-java'><l:description>Implementation of EdDSA in Java</l:description><l:license name='CC0 1.0 Universal' url='https://creativecommons.org/publicdomain/zero/1.0/'/></l:dependency></l:dependencies>