<?xml version='1.0' encoding='UTF-8'?>
<l:dependencies xmlns:l='licenses' groupId='org.jenkins-ci.modules' artifactId='sshd' version='3.312.v1c601b_c83b_0e'><l:dependency name='SSH server' groupId='org.jenkins-ci.modules' artifactId='sshd' version='3.312.v1c601b_c83b_0e' url='https://github.com/jenkinsci/sshd-plugin'><l:description>The Jenkins Plugins Parent POM Project</l:description><l:license name='MIT License' url='https://opensource.org/licenses/MIT'/></l:dependency><l:dependency name='EdDSA-Java' groupId='net.i2p.crypto' artifactId='eddsa' version='0.3.0' url='https://github.com/str4d/ed25519-java'><l:description>Implementation of EdDSA in Java</l:description><l:license name='CC0 1.0 Universal' url='https://creativecommons.org/publicdomain/zero/1.0/'/></l:dependency></l:dependencies>