<?xml version="1.0" encoding="UTF-8"?>
<l:dependencies xmlns:l='licenses' groupId='org.jenkins-ci.plugins' artifactId='ssh' version='2.6.1'><l:dependency name='Jenkins SSH plugin' groupId='org.jenkins-ci.plugins' artifactId='ssh' version='2.6.1' url='http://wiki.jenkins-ci.org/display/JENKINS/SSH+plugin'><l:description>Execute shell scripts on remote host
using ssh (pre and post build).
Based on the cool scp plugin.</l:description></l:dependency><l:dependency name='Findbugs Annotations under Apache License' groupId='com.github.stephenc.findbugs' artifactId='findbugs-annotations' version='1.3.9-1' url='http://stephenc.github.com/findbugs-annotations'><l:description>A clean room implementation of the Findbugs Annotations based entirely on the specification provided
    by the javadocs and at http://findbugs.sourceforge.net/manual/annotations.html.</l:description><l:license name='Apache License, Version 2.0' url='http://www.apache.org/licenses/LICENSE-2.0.txt'/></l:dependency></l:dependencies>