<?xml version='1.0' encoding='UTF-8'?>
<l:dependencies xmlns:l='licenses' groupId='org.jenkins-ci.plugins' artifactId='ssh-steps' version='2.0.65.vd26b_5b_9b_de4d'><l:dependency name='SSH Pipeline Steps' groupId='org.jenkins-ci.plugins' artifactId='ssh-steps' version='2.0.65.vd26b_5b_9b_de4d' url='https://github.com/jenkinsci/ssh-steps-plugin'><l:description>The Jenkins Plugins Parent POM Project</l:description><l:license name='Apache License, Version 2.0' url='https://www.apache.org/licenses/LICENSE-2.0.txt'/></l:dependency><l:dependency name='JSch' groupId='com.jcraft' artifactId='jsch' version='0.1.55' url='http://www.jcraft.com/jsch/'><l:description>JSch is a pure Java implementation of SSH2</l:description><l:license name='Revised BSD' url='http://www.jcraft.com/jsch/LICENSE.txt'/></l:dependency><l:dependency name='jsch-agent-proxy core library' groupId='com.jcraft' artifactId='jsch.agentproxy.core' version='0.0.9' url='http://www.jcraft.com/jsch-agent-proxy/jsch.agentproxy.core/'><l:description>a proxy to ssh-agent and Pageant in Java</l:description><l:license name='Revised BSD' url='http://www.jcraft.com/jsch-agent-proxy/LICENSE.txt'/></l:dependency><l:dependency name='a library to use jsch-agent-proxy with JSch' groupId='com.jcraft' artifactId='jsch.agentproxy.jsch' version='0.0.9' url='http://www.jcraft.com/jsch-agent-proxy/jsch.agentproxy.jsch/'><l:description>a proxy to ssh-agent and Pageant in Java</l:description><l:license name='Revised BSD' url='http://www.jcraft.com/jsch-agent-proxy/LICENSE.txt'/></l:dependency><l:dependency name='an implementation of USocketFactory using netcat' groupId='com.jcraft' artifactId='jsch.agentproxy.usocket-nc' version='0.0.9' url='http://www.jcraft.com/jsch-agent-proxy/jsch.agentproxy.usocket-nc/'><l:description>a proxy to ssh-agent and Pageant in Java</l:description><l:license name='Revised BSD' url='http://www.jcraft.com/jsch-agent-proxy/LICENSE.txt'/></l:dependency><l:dependency name='groovy-ssh' groupId='org.hidetake' artifactId='groovy-ssh' version='2.10.1' url='https://github.com/int128/groovy-ssh.git'><l:description>Groovy SSH library</l:description><l:license name='Apache-2.0' url='http://www.apache.org/licenses/LICENSE-2.0.txt'/></l:dependency><l:dependency name='SLF4J API Module' groupId='org.slf4j' artifactId='slf4j-api' version='1.7.36' url='http://www.slf4j.org'><l:description>The slf4j API</l:description><l:license name='MIT License' url='http://www.opensource.org/licenses/mit-license.php'/></l:dependency><l:dependency name='an implementation of USocketFactory using JNA' groupId='com.jcraft' artifactId='jsch.agentproxy.usocket-jna' version='0.0.9' url='http://www.jcraft.com/jsch-agent-proxy/jsch.agentproxy.usocket-jna/'><l:description>a proxy to ssh-agent and Pageant in Java</l:description><l:license name='Revised BSD' url='http://www.jcraft.com/jsch-agent-proxy/LICENSE.txt'/></l:dependency><l:dependency name='a connector factory' groupId='com.jcraft' artifactId='jsch.agentproxy.connector-factory' version='0.0.9' url='http://www.jcraft.com/jsch-agent-proxy/jsch.agentproxy.connector-factory/'><l:description>a proxy to ssh-agent and Pageant in Java</l:description><l:license name='Revised BSD' url='http://www.jcraft.com/jsch-agent-proxy/LICENSE.txt'/></l:dependency><l:dependency name='a connector for Pageant using JNA' groupId='com.jcraft' artifactId='jsch.agentproxy.pageant' version='0.0.9' url='http://www.jcraft.com/jsch-agent-proxy/jsch.agentproxy.pageant/'><l:description>a proxy to ssh-agent and Pageant in Java</l:description><l:license name='Revised BSD' url='http://www.jcraft.com/jsch-agent-proxy/LICENSE.txt'/></l:dependency><l:dependency name='a connector for ssh-agent' groupId='com.jcraft' artifactId='jsch.agentproxy.sshagent' version='0.0.9' url='http://www.jcraft.com/jsch-agent-proxy/jsch.agentproxy.sshagent/'><l:description>a proxy to ssh-agent and Pageant in Java</l:description><l:license name='Revised BSD' url='http://www.jcraft.com/jsch-agent-proxy/LICENSE.txt'/></l:dependency><l:dependency name='Java Native Access' groupId='net.java.dev.jna' artifactId='jna' version='5.12.1' url='https://github.com/java-native-access/jna'><l:description>Java Native Access</l:description><l:license name='LGPL-2.1-or-later' url='https://www.gnu.org/licenses/old-licenses/lgpl-2.1'/><l:license name='Apache-2.0' url='https://www.apache.org/licenses/LICENSE-2.0.txt'/></l:dependency></l:dependencies>